elapsed_min,segments,translated,dropped,errors,clients,srt_kb,rss_mb,cpu_pct,alive,at
0.0,49,49,0,0,0,1.1,407.9,0.0,True,07:34:34
0.53,58,58,0,0,0,1.1,407.9,4.7,True,07:35:06
1.07,66,66,0,0,0,1.1,407.9,3.6,True,07:35:39
1.61,76,75,0,0,0,1.1,407.9,4.9,True,07:36:11
2.15,81,81,0,0,0,1.1,408.2,3.2,True,07:36:43
2.68,89,88,0,0,0,1.1,408.3,3.6,True,07:37:15
3.22,99,99,0,0,0,1.1,408.5,5.1,True,07:37:48
3.75,108,108,0,0,0,1.1,408.5,4.7,True,07:38:18
4.27,115,115,0,0,0,1.1,408.5,3.9,True,07:38:51
4.81,121,121,0,0,0,1.1,408.5,3.6,True,07:39:23
5.34,131,131,0,0,0,1.1,408.6,5.1,True,07:39:55
5.88,140,140,0,0,0,1.1,408.6,4.3,True,07:40:27
6.42,150,150,0,0,0,1.1,408.6,4.7,True,07:41:00
6.96,161,160,0,0,0,1.1,408.7,5.4,True,07:41:32
7.5,170,170,0,0,0,1.1,409.1,4.5,True,07:42:04
8.03,177,177,0,0,0,1.1,409.1,3.7,True,07:42:36
8.57,186,186,0,0,0,1.1,409.3,5.0,True,07:43:08
9.11,199,199,0,0,0,1.1,409.5,6.3,True,07:43:41
9.64,207,207,0,0,0,1.1,410.1,4.2,True,07:44:13
10.18,214,214,0,0,0,1.1,410.1,3.7,True,07:44:45
10.72,224,224,0,0,0,1.1,410.2,5.0,True,07:45:17
11.25,231,231,0,0,0,1.1,410.2,3.6,True,07:45:50
11.79,246,246,0,0,0,1.1,410.2,6.8,True,07:46:21
12.31,253,253,0,0,0,1.1,410.2,3.6,True,07:46:53
12.85,261,261,0,0,0,1.1,410.2,4.3,True,07:47:25
13.39,271,271,0,0,0,1.1,410.2,5.3,True,07:47:58
13.92,280,280,0,0,0,1.1,410.3,4.7,True,07:48:29
14.45,288,288,0,0,0,1.1,410.9,3.9,True,07:49:01
14.99,295,295,0,0,0,1.1,410.9,3.9,True,07:49:34
15.52,305,305,0,0,0,1.1,410.9,5.3,True,07:50:05
16.04,316,316,0,0,0,1.1,410.9,5.1,True,07:50:36
16.56,325,324,0,0,0,1.1,410.9,4.7,True,07:51:08
17.1,332,331,0,0,0,1.1,410.9,4.1,True,07:51:40
17.64,343,343,0,0,0,1.1,410.9,5.1,True,07:52:13
18.18,353,353,0,0,0,1.1,410.9,5.0,True,07:52:45
18.72,362,362,0,0,0,1.1,410.9,4.6,True,07:53:17
19.26,369,369,0,0,0,1.1,411.2,3.7,True,07:53:50
19.79,375,374,0,0,0,1.1,411.2,3.3,True,07:54:22
20.33,381,381,0,0,0,1.1,411.2,3.8,True,07:54:55
20.88,390,390,0,0,0,1.1,411.2,4.1,True,07:55:27
21.41,399,399,0,0,0,1.1,411.2,5.1,True,07:55:59
21.96,407,407,0,0,0,1.1,411.3,4.0,True,07:56:32
22.5,414,413,0,0,0,1.1,411.3,3.5,True,07:57:04
23.04,425,425,0,0,0,1.1,411.2,6.0,True,07:57:37
23.58,435,435,0,0,0,1.1,411.2,4.5,True,07:58:09
24.12,441,440,0,0,0,1.1,411.2,3.2,True,07:58:42
24.66,452,452,0,0,0,1.1,411.2,5.4,True,07:59:15
25.21,462,462,0,0,0,1.1,411.2,5.0,True,07:59:47
25.75,470,470,0,0,0,1.1,411.2,4.1,True,08:00:19
26.29,479,479,0,0,0,1.1,411.3,4.5,True,08:00:52
26.83,486,486,0,0,0,1.1,411.3,3.6,True,08:01:24
27.37,495,494,0,0,0,1.1,411.3,4.6,True,08:01:57
27.91,506,506,0,0,0,1.1,411.3,5.7,True,08:02:29
28.46,518,517,0,0,0,1.1,389.4,6.0,True,08:03:02
28.99,526,526,0,0,0,1.1,389.4,4.1,True,08:03:34
29.54,537,536,0,0,0,1.1,389.4,5.0,True,08:04:07
30.08,543,542,0,0,0,1.1,389.5,3.2,True,08:04:39
30.62,550,550,0,0,0,1.1,389.5,3.6,True,08:05:12
31.16,557,556,0,0,0,1.1,389.5,3.7,True,08:05:44
31.7,565,565,0,0,0,1.1,389.4,4.4,True,08:06:16
32.24,573,573,0,0,0,1.1,389.4,4.3,True,08:06:49
32.78,584,584,0,0,0,1.1,389.5,4.9,True,08:07:21
33.32,593,593,0,0,0,1.1,342.7,5.0,True,08:07:54
33.86,604,603,0,0,0,1.1,342.7,5.1,True,08:08:26
34.39,610,610,0,0,0,1.1,342.8,3.7,True,08:08:58
34.93,620,620,0,0,0,1.1,342.8,4.6,True,08:09:31
35.48,627,627,0,0,0,1.1,343.1,3.6,True,08:10:03
36.02,633,633,0,0,0,1.1,343.1,3.2,True,08:10:35
36.56,641,640,0,0,0,1.1,343.1,4.2,True,08:11:08
37.1,648,648,0,0,0,1.1,343.3,3.8,True,08:11:40
37.64,657,656,0,0,0,1.1,343.3,4.6,True,08:12:13
38.18,667,667,0,0,0,1.1,337.5,5.0,True,08:12:45
38.72,678,677,0,0,0,1.1,337.6,5.5,True,08:13:18
39.26,685,685,0,0,0,1.1,337.6,3.7,True,08:13:50
39.8,691,691,0,0,0,1.1,337.6,3.2,True,08:14:23
40.34,698,697,0,0,0,1.1,337.6,3.6,True,08:14:55
40.88,706,706,0,0,0,1.1,337.6,4.0,True,08:15:27
41.42,717,717,0,0,0,1.1,337.7,5.4,True,08:16:00
41.96,729,728,0,0,0,1.1,337.7,6.0,True,08:16:32
42.5,741,741,0,0,0,1.1,337.7,5.7,True,08:17:05
43.05,751,750,0,0,0,1.1,337.7,4.9,True,08:17:37
43.59,759,759,0,0,0,1.1,335.3,4.2,True,08:18:10
44.13,764,764,0,0,0,1.1,335.3,2.6,True,08:18:42
44.67,773,773,0,0,0,1.1,335.3,4.5,True,08:19:14
45.21,778,778,0,1,0,1.1,335.5,3.3,True,08:19:47
45.74,793,793,0,1,0,1.1,335.5,7.2,True,08:20:19
46.28,803,803,0,1,0,1.1,335.5,5.1,True,08:20:51
46.82,809,809,0,1,0,1.1,335.5,3.8,True,08:21:24
47.36,820,820,0,1,0,1.1,335.6,5.5,True,08:21:56
47.9,833,833,0,1,0,1.1,335.6,5.8,True,08:22:28
48.5,844,844,0,1,0,1.1,330.9,5.4,True,08:23:04
49.03,850,850,0,1,0,1.1,331.0,3.2,True,08:23:37
49.58,860,860,0,1,0,1.1,331.0,4.9,True,08:24:09
50.11,871,871,0,1,0,1.1,331.1,4.9,True,08:24:41
50.65,879,879,0,1,0,1.1,331.2,4.6,True,08:25:13
51.19,889,889,0,1,0,1.1,331.3,4.5,True,08:25:46
51.73,897,896,0,1,0,1.1,331.3,4.1,True,08:26:18
52.26,904,903,0,1,0,1.1,331.3,3.6,True,08:26:50
52.8,910,910,0,1,0,1.1,331.4,3.2,True,08:27:22
53.33,916,916,0,1,0,1.1,330.6,3.2,True,08:27:54
53.87,921,921,0,1,0,1.1,330.6,3.3,True,08:28:26
54.41,931,931,0,1,0,1.1,330.7,4.5,True,08:28:59
54.94,941,941,0,1,0,1.1,330.7,4.9,True,08:29:31
55.47,948,947,0,1,0,1.1,330.8,3.7,True,08:30:03
56.01,957,957,0,1,0,1.1,330.8,4.5,True,08:30:35
56.55,964,963,0,1,0,1.1,330.8,3.5,True,08:31:08
57.09,970,970,0,1,0,1.1,330.7,3.6,True,08:31:40
57.63,979,978,0,1,0,1.1,330.9,4.2,True,08:32:12
